datetime,topic,tab,context
2025-12-03 17:26,Tesla,Top,Electric Tesla Bike!
2025-11-30 11:54,Tesla,Top,"Would you accept this Tesla for free? 

Yes or No? 

Be honest"
2025-11-28 03:38,Tesla,Top,"‚ÄúThe future is autonomous!‚Äù

‚Äî Elon Musk"
2025-12-02 22:08,Tesla,Top,Tesla Optimus Robot‚Äôs incredible progress after only 2.5 years.
2025-12-02 20:03,Tesla,Top,Ha Ha she got it!
2025-12-02 21:47,Tesla,Top,Just set a new PR in the lab
2025-11-30 05:22,Tesla,Top,"Introducing Tesla Anti-Aging Machine ‚Äî Step inside, and in minutes, you emerge looking 50 years younger ‚Äî skin, hair, vitality, everything reset like time reversed itself."
2025-12-02 11:27,Tesla,Top,2026 Tesla Motorhome ‚Äî The Future of Luxury Travel on Wheels!
2025-11-29 15:23,Tesla,Top,Thoughts on CyberSemi Truck?
2025-12-04 04:25,Tesla,Top,Here is an apples to apples comparison video of the Tesla Optimus and Figure robots both running:
2025-11-30 15:26,Tesla,Top,"Shopping the 
@Tesla_Optimus
 robot store"
2025-11-25 23:23,Tesla,Top,"Hello humans, what did I miss today on ùïè?"
2025-12-03 22:45,Tesla,Top,"My favorite 
@Tesla
 hidden UI trick for road trips:

Tap the area above the navigation to add a pitstop! So much easier than the Edit Trip UI."
2025-11-30 00:00,Tesla,Top,lol
2025-12-04 13:22,Tesla,Top,Tesla Model 3 Stopping Itself To Avoid Accident.
2025-12-03 20:12,Tesla,Top,Auto Shift is Tesla‚Äôs most awesome feature for manual driving
2025-11-25 21:35,Tesla,Top,"Would you accept this Tesla for free? 

Yes or No? 

Be honest"
2025-12-04 14:39,Tesla,Top,Taking out the trash!
2025-11-23 15:54,Tesla,Top,TESLA Optimus ‚ÄúICE ICE BABY‚Äù Dance!
2025-11-26 18:36,Tesla,Top,"If you‚Äôre using Starlink, you‚Äôre not just browsing the internet, you‚Äôre funding the Mars mission"
2025-12-04 08:01,Tesla,Top,"Would your AI hit a wall‚Ä¶ even a fake one?

Here‚Äôs a story that should wake up every executive betting their future on AI.

Youtuber Mark Rober ran a simple experiment:

A Tesla (camera-only) vs. a LiDAR-equipped car.

Both driving toward a fake wall.

The result?
One ‚Äúsaw‚Äù"
2025-11-27 13:48,Tesla,Top,"Good morning humans 

Happy Thanksgiving!"
2025-12-01 01:46,Tesla,Top,"What's your honest opinion about this Tesla car?

Would you love to have a ride with Elon Musk sitting next to you?

Yes or No"
2025-12-01 15:30,Tesla,Top,"Watch 
@Tesla
 Full Self-Driving v14.2 turn onto the hard shoulder and drive straight toward a bridge. 
@ElonMusk
‚Äôs defective and dangerous software puts lives at risk.

It should be banned immediately."
2025-12-04 01:22,Tesla,Top,"A lot of Tesla haters and anti-EV folks start their argument with the assumption that people buy EVs because of the environment. 

The truth is, I‚Äôm a conservative who drives a Tesla because it‚Äôs an insanely good product. The environmental benefits are just a nice bonus."
2025-11-30 17:04,Tesla,Top,"ELON MUSK: Starlink‚Äôs LEO Laser Mesh Will Deliver Ultra-Resilient, Low-Latency Internet Worldwide"
2025-11-30 14:32,Tesla,Top,"Zerodha founder Nikhil Kamath asks Elon Musk about his obsession with letter 'X'.

Here's what Tesla and SpaceX CEO said:

#elonmusk"
2025-11-29 22:23,Tesla,Top,"Elon Musk on the Grok Button
""You can also ascribe anything you see on the platform. Just press the grok icon on any X post and analyze it for you and then research it as much as you want. So you can basically have just by tapping the grok icon, you can assess whether that post"
2025-11-26 18:47,Tesla,Top,"Good morning humans 

How is your day going?"
2025-11-26 14:32,Tesla,Top,"Would you accept my invitation to tour a Tesla factory with me?

Yes or No

Be honest!"
2025-12-03 10:38,Tesla,Top,"Tesla FSD in tiny German village streets. It's magical. I never expected to be this mindblown. It's SUCH a good driver. Can't wait to get it for my own car. Cheers and thank you to 
@Tesla_AI
 @Tesla
 for finally bringing this life changing tech to Europe."
2025-12-04 15:11,Tesla,Latest,"I would like to have 1,500 Tesla stocks

""The future is automovs"""
2025-12-04 15:11,Tesla,Latest,NICE!!! Had no idea
2025-12-04 15:11,Tesla,Latest,"I purchased the Hankook A/S. If they last 80,000km and more. your comment will look stupid"
2025-12-04 15:11,Tesla,Latest,"And then you bring up a great point of why we should have control of the speed - between you your daughter and your wife none of you can agree so how are millions going to agree to one profile that Tesla thinks is right? 

They're trying to get people to use it - people are just"
2025-12-04 15:11,Tesla,Latest,"I believe that from now on, changes will happen obviously, but they will be less frequent. Big tech has a lot of cash to invest, and are constantly trying to disrupt several areas. I believe apple, tesla could be at risk."
2025-12-04 15:11,Tesla,Latest,I guess I‚Äôm not a Tesla Cybertruck
2025-12-04 15:11,Tesla,Latest,"Hi, I live in Austin, the most expensive place in the USA. Me and my wife together are not close to $201k and we have three kids. I'm on my 4th Tesla. This map is utter nonsense."
2025-12-04 15:11,Tesla,Latest,"JUST IN:‚Äî Melius Research lifts Tesla‚Äôs price target to $525, citing growing confidence on Robotaxi. $TSLA"
2025-12-04 15:11,Tesla,Latest,"@elonmusk
 @Tesla_AI
 can we unify the Tesla display interface aligned across HW3 and HW4? I understand the differences between Intel and Nvidia however, a lot of things missing from HW3 compared to HW4 just don‚Äôt make sense. 

Please"
2025-12-04 15:11,Tesla,Latest,"Uber is a beast, but I strongly believe they better figure out autonomy before Tesla completely takes over market share with Robotaxi  $UBER $TSLA"
2025-12-04 15:11,Tesla,Latest,"#FSD testing in #Strasbourg France
Thanks to 
@teslaeurope
 
Thanks to Tesla Hoenheim too
It's amazing and so natural
No Block, all decisions are fair and immediately
FSD drives better than 50% of People, if not more"
2025-12-04 15:10,Tesla,Latest,"$1 rides in a glowing cyber tunnel while the rest of Vegas sits in traffic??

#VegasLoop #Tesla #BoringCompany #CyberTunnel #ElonMusk"
2025-12-04 15:10,Tesla,Latest,My tesla
2025-12-04 15:10,Tesla,Latest,Sending a text using Starlink DTC to wake up your Tesla.
2025-12-04 15:10,Tesla,Latest,"Haha, Optimus flexing those advanced joints‚Äîimpressive engineering! Tesla's humanoid is getting smoother with each update. Can't wait for full deployment. What's next on its playlist?"
2025-12-04 15:10,Tesla,Latest,Tesla
2025-12-04 15:10,Tesla,Latest,"Indians don't like spartan, minimal interiors, especially at this price, unless it's a Toyota. Also, Tesla's brand prestige and novelty have worn off. Indians benchmark the luxury experience with the Germans. So it's going to be hard for them unless they build in India."
2025-12-04 15:10,Tesla,Latest,"Tesla made its first appearance in the top 10 for reliability in Consumer Reports‚Äô rankings released Thursday, a stark turnaround for the electric vehicle maker that was a laggard just a few years ago."
2025-12-04 15:10,Tesla,Latest,"Le Tesla Model Y d√©sign√© pire voiture en mati√®re de fiabilit√© en Allemagne ! 
generation-nt.com/actualites/tes
‚Ä¶ #Tesla"
2025-12-04 15:10,Tesla,Latest,"Great analogy  
@Tesla
 for the WIN"
2025-12-04 15:10,Tesla,Latest,"$TSLA
BULLISH!"
2025-12-04 15:10,Tesla,Latest,"Wrong! It means that Ford were not competitive in the EV space & were about to fail. Tesla & others are the future & Ford's management team made bad decisions. Pity, as I've had 4 Fords in my 78 years & was very happy with them. RIP!"
2025-12-04 15:10,Tesla,Latest,"I would like to have 1,500 Tesla stocks

""The future is automovs"""
2025-12-04 15:09,Tesla,Latest,Or both?
2025-12-04 15:09,Tesla,Latest,"polymarket.com/event/mag-7-52
‚Ä¶ 

2/2"
2025-12-04 15:09,Tesla,Latest,"Will Tesla Hit a 52-Week High by Dec 31?

You seriously haven't placed a bet on 
@Polymarket
  yet on whether Tesla will reach a new 52-week high? Honestly, I'm a little surprised - the event is hot, the market is lively, the odds are transparent.

Why you should place at least a"
2025-12-04 15:09,Tesla,Latest,"bending over backward to deflect valid criticism
+ 
calling someone a loser for making said valid, fact based, criticism a loser 
= 
cultist behavior"
2025-12-04 15:09,Tesla,Latest,"@elonmusk
 Tesla is in an ideal position"
2025-12-04 15:09,Tesla,Latest,"Why tesla as growth?
What future are you foreseeing in this stock?
I am really curious to know"
2025-12-04 15:09,Tesla,Latest,You guys hate reality.
2025-12-03 19:09,TSLA,Top,"My goodness

Someone bought $TSLA 550 C 01/16/2026 for $16.3M"
2025-12-03 23:56,TSLA,Top,"3 Insanely Bullish Signals just fired on $TSLA. 

Monthly BX Bull Cycle
Weekly BX buy signal
$12.8M whale order in 2026 $550 calls all hit at once. 

I‚Äôm still targeting $600 in the next 3‚Äì6 months.

Full breakdown + how I‚Äôm trading it in today‚Äôs video"
2025-12-04 06:38,TSLA,Top,"Every human and business will want an Optimus. When you factor in the impact ‚Äúthe greatest product ever‚Äù is going to have on society, the more you realize how undervalued $TSLA actually is."
2025-12-04 14:12,TSLA,Top,"There will be red days ahead, but $TSLA still has a chance for $500+.

Here's exactly what to expect moving forward.

And what I'll be doing with my shares."
2025-12-04 14:44,TSLA,Top,"I‚Äôm literally SHAKING right now..

With $TSLA back above $450 ‚Äî I‚Äôm now *up 9%* on my all-in @ $414 position! LFG!!!"
2025-12-02 22:51,TSLA,Top,"That precision, that smoothness‚Ä¶ 

Optimus‚Äô hands are moving almost like real human hands now! $TSLA"
2025-12-04 14:46,TSLA,Top,$TSLA - gonna be a sharp reversal.. hourly RSI at 77
2025-11-23 21:06,TSLA,Top,"NVIDIA says physical AI is on track to become a multi trillion dollar opportunity.

Here is the Robotics Top 10 Index:

1.$SERV  AI sidewalk delivery layer
2.$ISRG  surgical robotics standard
3.$TSLA  real world robotics engine
4.$RR  hospitality automation stack
5.$SYM  robotic"
2025-11-25 04:15,TSLA,Top,"Young Elon Musk Predicting The Future In 2007 

$TSLA & SpaceX"
2025-11-25 16:36,TSLA,Top,"$150,000 in $TSLA over the next 5-7 years will still make you a millionaire once the shares hit above $2,600."
2025-11-25 21:47,TSLA,Top,"I found the next $AMD type play

A generational wealth opportunity‚Ä¶

Mark my words.

I found the next $GME $AMC $BYND $OPEN $TSLA type play 

20,000% potential play 

Like + comment ‚ÄúStocks‚Äù and I‚Äôll send it to you‚Ä¶ 

(Must be following to DM)"
2025-12-03 23:15,TSLA,Top,"$TSLA has officially confirmed an incoming euphoric squeeze upon todays breakout‚Ä¶

With the CEO of $TSLA & Whales loading billions it‚Äôs clear the next wave on $TSLA will exceed $700+

You‚Äôll look back at todays prices and regret not loading.

Last final warning.

Don‚Äôt miss it‚Ä¶"
2025-12-04 13:47,TSLA,Top,"BREAKING: TRUMP AUTHORIZES PRODUCTION OF ‚ÄúSMALLER COMPACT CARS‚Äù  $TSLA

Bullish for Tesla cybercab !"
2025-12-03 04:54,TSLA,Top,"once the chain reaction is triggered, abundance becomes inevitable. $tsla"
2025-12-04 14:59,TSLA,Top,$TSLA - in case anyone needs a dose of reality about where we are on the map... these are high prices... ok good luck!
2025-12-03 15:09,TSLA,Top,"Lets hit $500 for the first time please!

$TSLA"
2025-12-04 14:57,TSLA,Top,$TSLA shorts !!
2025-12-04 00:41,TSLA,Top,"BREAKING 

Second Bullish Change of Structure has been confirmed on $TSLA stock 

The stock is likely to retest ATH SOON ! 

Chart update inbound"
2025-12-04 14:33,TSLA,Top,"Today's stock trading plan is ready.
I will send it to my WhatsApp friends after the market opens.
Stock enthusiasts are welcome to join!
wa.me/15042669296
All our profits come from this WhatsApp group.
$GOOG $INTC $NVDA $TSLA #Stocks"
2025-11-28 05:19,TSLA,Top,"Cars to $TSLA are what books were to $AMZN

Very few understand this"
2025-12-04 14:50,TSLA,Top,Here we go! $TSLA is not that far from $480.
2025-12-04 14:40,TSLA,Top,"$TSLA just tore through the upper boundary of its high-volume congestion zone.

The price action confirms what the structure has hinted at for weeks.

The market is treating the November low as the base of wave v. Momentum, breadth, and positioning all support a continuation"
2025-12-03 09:56,TSLA,Top,"NEWS: Tesla China shows off Giga Shanghai‚Äôs speed, now rolling out a car every 30 seconds

$TSLA"
2025-11-25 18:52,TSLA,Top,"BREAKING: $TSLA OPENS MASSIVE NEW SHOWROOM IN NORWAY 

Demand is pumping there !"
2025-11-30 04:09,TSLA,Top,"BREAKING: My FULL Fibonacci COURSE from Beginner to PRO $SPY $TSLA $NVDA $HOOD

This is how I took 5k to 84k in 1 year STEP BY STEP!

To celebrate I will also throw in my CHECKLIST and Indicators

Just comment ""ME"" and DROP A for ME!"
2025-12-04 14:51,TSLA,Top,"$TSLA 
Blessed by Jensen today"
2025-12-03 23:09,TSLA,Top,$TSLA has one of the *most bullish* charts I‚Äôve ever seen
2025-11-26 00:17,TSLA,Top,"Tomorrow morning I‚Äôm loading $200,000 in call options on a single ticker.

My biggest play since $GME $OPEN $TSLA $NVDA $AMD

Mark my words 99% of investors will miss this next $OPEN type mover. I WILL NOT and my followers won‚Äôt either. 

I‚Äôm only sending this ticker to those who"
2025-11-25 03:01,TSLA,Top,"$TSLA 
ÌÖåÏä¨Îùº FSD(Í∞êÎèÖÌòï) Íµ¨ÌòÑ Í∏∞Îä• : ""Ï∞®ÎüâÏù¥ ÏµúÏÜåÌïúÏùò Ïö¥Ï†ÑÏûê Í∞úÏûÖÏúºÎ°ú Í±∞Ïùò Î™®Îì† ÎèÑÎ°úÏóêÏÑú Ïä§Ïä§Î°ú Ï£ºÌñâÌïòÎäî Í≤É""

ÌÖåÏä¨ÎùºÍ∞Ä ÏÜåÍ∞úÌïòÎäî FSD Íµ¨ÌòÑ Í∏∞Îä•ÏùÄ ÏúÑ Î¨∏Íµ¨ÏôÄ Í∞ôÏäµÎãàÎã§. Ï†ÄÎäî ÏïΩ 4ÌöåÏùò ÎèÑÏõÄ(ÏóëÏÖÄ ÏÇ¥Ïßù Î∞üÏïÑ ÏßÑÌñâ Ïã†Ìò∏)Îßå Ï£ºÏóàÏùÑ Îøê, Î™®Îì† Ïù∏ÏßÄ. ÌåêÎã®. Ï†úÏñ¥. Ïã§ÌñâÏùÄ FSDÍ∞Ä Ïä§Ïä§Î°ú"
2025-12-03 20:03,TSLA,Top,"$TSLA veers into oncoming traffic & causes head-on collision

 Tesla driver only one that died

 Where were Tesla's advanced airbag system and automatic emergency braking to save driver?

 Elon lies people die"
2025-12-04 14:33,TSLA,Top,$TSLA - pit stop at 442 before low 430's
2025-12-04 15:12,TSLA,Latest,Have you thought about leveraging options to maximize your gains on $TSLA's potential move?
2025-12-04 15:12,TSLA,Latest,"$WBD 30 $AIP 20 $SPY 690 $KODK 15 $EW 100  $NVDA 190 $PMCB 5 $SNPS 480 $TSLA 463

SHORTS TRAPPED BIG TIME

Higher Highs/Higher Lows Read Chart Shorts U know Where This Goes

SQUEEZE IS ON

Watch lunch time short trap then 2pm Train w/Crush shorts

Sorry Shorts"
2025-12-04 15:12,TSLA,Latest,"$QCLS

ÿßŸÑÿ£ŸáÿØÿßŸÅ : 6,90 - 9 - 12

ŸàŸÇŸÅ : 4.00

ÿ•ÿ∞ÿß ÿπŸÜŸÄÿØŸÉ ÿßŸÑÿ≥ŸÄŸáŸÖ Ÿàÿ™ÿ®Ÿä ÿ™ÿπÿ±ŸÅ Ÿàÿ¥ ÿ≥ÿßŸÑŸÅÿ™ÿ© ŸàŸÖÿ≥ÿßÿ±ÿ© ÿ™ŸÅÿ∂ŸÑ ÿßŸÑÿ≠ŸäŸÜ Ÿàÿ®ŸÅŸäÿØŸÉ ŸÑŸàÿ¨ÿ© ÿßŸÑŸÑŸá 







$SPX‚ÄÉ$BTC‚ÄÉ$INTC‚ÄÉ$NVDA‚ÄÉ$AAPL‚ÄÉ$MSTR‚ÄÉ$MSAI‚ÄÉ$TSLA‚ÄÉ$AMZN‚ÄÉ$RR‚ÄÉ$FTEL‚ÄÉ$ABLV‚ÄÉ$KALA‚ÄÉ$QCLS‚ÄÉ$MNDR‚ÄÉ$CAPR‚ÄÉ$PMAX‚ÄÉ$KITT‚ÄÉ$IMRN‚ÄÉ$SYNX‚ÄÉ$AHMA"
2025-12-04 15:12,TSLA,Latest,"$TSLA stock jumps 4.1%, boosted by strong Shanghai factory performance and potential government support for robotics but the EV sector isn‚Äôt without risks.

China Sales Surge: Tesla‚Äôs sales in China jumped 33% YoY, reinforcing its lead in the world‚Äôs largest EV market.

Policy"
2025-12-04 15:12,TSLA,Latest,$TSLA I hope you listed and did not chase
2025-12-04 15:12,TSLA,Latest,"$GSIT conquests! 105% Landed Entry! Market timing improves with practice! 

Discord: 
xp-chatroom.com/FernandoWArias - 14-day complete membership access trial! Stay ahead!

Watchlist symbols: $PLUG $PFE $ONDS $ACHR $AAL $SQQQ $BMNR $TSLA"
2025-12-04 15:11,TSLA,Latest,"$TSLA
$GOOGL
$AMZN"
2025-12-04 15:11,TSLA,Latest,"Clean energy momentum accelerates, drawing institutional focus.

Key names showing relative strength:  
$BLFY $EXE $PLRZ $BIOA $GNPX $ACON $AXGN $FLYE $SQ $BLDP $PEG $TSLA.

Monitor for continuation patterns."
2025-12-04 15:11,TSLA,Latest,"$TSLA Not bad considering it was a high potential day for a ""no trade"" day.
HTF was pretty lame.
Yesterday we got a HTF BO so we are technically at a day 2 and they tend to be tricky af.
Took a shot for a short with starter size and took a tiny cut on it.
Then after the HTF FBD"
2025-12-04 15:11,TSLA,Latest,"Zuerst dachte ich $TSLA , selbstredend, das muss USA sein. Aber dann las ich Madrid ?? Vielleicht ein Gabelflug, weil der preiswert war !! 22 Stunden !! Evt. Gabelflug an die Westk√ºste von USA ?? Freu mich schon auf die Aufl√∂sung."
2025-12-04 15:11,TSLA,Latest,"Best DISCORD Group 20 DAYS FREE  TRIAL     

Discord Link Here 
discord.gg/AGxkR3XBF4
 
$DKNG $OPTT $DOYU $F $FBIO $TWTR $AAPL $JKS $MVIS $GME $VVPR $TSLA $BP $CSCO $VLDR $CB $LI"
2025-12-04 15:11,TSLA,Latest,"Market Momentum List: 

 $GCT - $CLS - $SWKS - $AMWD - $SUI - $CDLX - $DVAX - $AAPL - $GOOG - $AMZN - $TSLA - $MSFT \  $GCT momentum is undeniable. 

I'm looking for a bull flag pattern to form on the 5-minute chart for an entry. 

  DM me for the entry pattern."
2025-12-04 15:11,TSLA,Latest,"This is basically 
@cybertruck
 in human form  $TSLA"
2025-12-04 15:11,TSLA,Latest,"Well, that was fun while it lasted $TSLA."
2025-12-04 15:11,TSLA,Latest,"JUST IN:‚Äî Melius Research lifts Tesla‚Äôs price target to $525, citing growing confidence on Robotaxi. $TSLA"
2025-12-04 15:11,TSLA,Latest,I get my car ‚Äúserviced‚Äù at my ‚Äúdealership‚Äù. They‚Äôve had my loyalty too for almost 10 years now. $TSLA
2025-12-04 15:11,TSLA,Latest,"NextNRG, Inc.

I‚Äôm positioned because microcaps with +232% YoY growth don‚Äôt sit at $1.24 forever

Add FIU‚Äôs 24 V2G pads and insider 74% ownership and the next leg is never small

Targeting $3.2‚Äì3.8

Risky AF

$PLRZ $TSLA #Rashmer"
2025-12-04 15:11,TSLA,Latest,"Heute auf meiner Aktien-Watchlist:  
$GCT | $CLS | $SWKS | $AMWD | $$SUI | $CDLX | $DVAX | $$AAPL | $GOOG | $$AMZN | $$TSLA | $MSFT.  

$GCT geht richtig ab!  
Der CEO hat den Markt mit seiner Pr√§sentation √ºberzeugt."
2025-12-04 15:11,TSLA,Latest,"Hello traders! 

Turning charts into real profits with today's hottest stocks:

$AAPL $TSLA $NVDA $AMZN $META $MSFT $AMD $NFLX

 Join our community 
wa.me/19453941866

Get real-time trading information, expert analysis, and active market interaction.

Don't miss the"
2025-12-04 15:11,TSLA,Latest,"Uber is a beast, but I strongly believe they better figure out autonomy before Tesla completely takes over market share with Robotaxi  $UBER $TSLA"
2025-12-04 15:10,TSLA,Latest,It's great to see your perspective on $TSLA! Keeping an eye on that $440 level is crucial.
2025-12-04 15:10,TSLA,Latest,"Selling $453s so tasty mmmmmmmm

$TSLA"
2025-12-04 15:10,TSLA,Latest,"mint your $BOT allocation

$TRUE $WOBBLES $DEGE $XYO $NUNU $BINA $LION $BMT $XMR #WLFI $ICP $USD $X $CAKE $GORK $NVDA $CYS #SPX6900 $ROOTS $DOGE $UP $RAIN $USDC $USELESS $TIA $JASMY $SYRUP $BAS #SpaceX $CDL #Elliottwave $TSLA $MASK $HAMS #trading $FWOG $HEMI $BNBHOLDER $TIME"
2025-12-04 15:10,TSLA,Latest,"$KALA isalong‚àítermbuy!Q3revenue120M (+19%), ophthalmic drug market share 8%, PE 31x (below biopharma sector 45x).
Go to my profile and check the pinned post.
$NVDA $TSLA $INTC $GOOG #Stocks $QCLS $PMCB"
2025-12-04 15:10,TSLA,Latest,"Our successful trading alerts community : 
discord.gg/epNY8h7bTv

$IPW $BURU $AAPL $META $AMD $QQQ $TSLA $SLV $CTNT $OGEN $JDZG $MULN

#CryptoInvesting"
2025-12-04 15:10,TSLA,Latest,"Thursday Trade Ideas: 

 $SWKS, $GCT, $CLS, $AMWD, $SUI, $CDLX, $DVAX, $MSFT, $TSLA, $AMZN, $GOOG, $AAPL   The $SWKS merger news is the biggest catalyst today.

 Volume will be huge in the first hour. Be ready for volatility.

  Send a message on WhatsApp to trade this news."
2025-12-04 15:10,TSLA,Latest,Those call orders show confidence; it could be worth discussing your thoughts on $TSLA and market trends!
2025-12-04 15:10,TSLA,Latest,"Sorry bro but your purchase of TSLA at ~$414 (split-adjusted) on Nov 4, 2021 and a current price of $447 today make for a nominal return of ~8%, however with a cumulative US inflation of 19.6% since then, the real return remains negative at ~ -10%"
2025-12-04 15:10,TSLA,Latest,"Market Tradar , using Lists, for Mag7 

Top Outrights, Top Sweeps, Top Spreads, Top Premiums

Only with Quik Options 
@QuikOptions
 $META $NVDA $TSLA $AMZN"
2025-12-04 15:10,TSLA,Latest,"$TSLA Here we go... 
discord.gg/PKTT2aPaHB"
2025-06-22 19:18,Tesla Robotaxi,Top,Here‚Äôs one of the first Tesla Robotaxi rides in action ‚Äî with no one in the driver‚Äôs seat.
2025-12-03 02:07,Tesla Robotaxi,Top,"In May, 
@ElonMusk
 told 
@CNBC
 that Tesla's Austin ""Robotaxis"" would be fully autonomous. This turned out to be a total lie.

6 months later, Tesla's Robotaxi still has a human supervisor behind the wheel!

In July, Waymo announced it was testing in Dallas with safety drivers. 4"
2025-12-04 04:26,Tesla Robotaxi,Top,"BREAKING: Tesla Robotaxi fleet passes 150 vehicles

Tesla just added 10 more robotaxis in one day. The first big step toward a massive rollout this year."
2025-11-27 14:53,Tesla Robotaxi,Top,"Here's confirmation that Tesla making the Cybercab a two-seater was the right call:

Waymo Q3 2025 occupancy data shows 90% of Waymo robotaxi trips have 2 or less people. 
@elonmusk"
2025-12-01 15:49,Tesla Robotaxi,Top,"Just a reminder, Tesla will remove safety drivers from their Austin RoboTaxi fleet THIS MONTH! You‚Äôll be able to take a RoboTaxi ride with no one in the front of the car. Wonder what the bears will say when that happens. Almost no one believes Tesla can achieve this  $tsla"
2025-12-04 03:05,Tesla Robotaxi,Top,"This can be part of  Tesla's design One day 
#Tesla #FSD #Robotaxi"
2025-11-28 05:28,Tesla Robotaxi,Top,"Tesla launches unsupervised FSD 14.3 next month, enabling full driverless Robotaxi services.

For three years, Tesla tried to license its FSD system to all legacy carmakers, but they refused, insisting they could develop their own.

Around 2027, all legacy carmakers will claim"
2025-11-24 23:56,Tesla Robotaxi,Top,someone at Tesla has a good sense of humor because this is the screen that pops up after you try and tip your Robotaxi
2025-06-13 21:47,Tesla Robotaxi,Top,"BREAKING NEWS! Tesla has just been officially added to Texas Department of Transportation's Automated Vehicle Deployment website.  Filter by ""Tesla"" under ""Company"" to track Robotaxi LIVE!

Company = Tesla
Description = Ride-share service 
Safety Driver = No 

Link:"
2025-12-03 18:48,Tesla Robotaxi,Top,"As a Tesla investor there is so much important information to keep track of.

FSD expansion in EU, Robotaxi expansion in USA, which states are in, which countries are out, collisions, fleet size, price per mile, service area, etc.

To keep track how Tesla is progressing in AI,"
2025-12-04 15:11,Tesla Robotaxi,Top,"JUST IN:‚Äî Melius Research lifts Tesla‚Äôs price target to $525, citing growing confidence on Robotaxi. $TSLA"
2025-12-04 06:42,Tesla Robotaxi,Top,"BREAKING: #Tesla Robotaxi fleet >150 vehicles.

+10 added in one day. Mass rollout getting closer!"
2025-11-29 23:14,Tesla Robotaxi,Top,I'm going to demo the Model Y and 3 next week in preparation of a hopeful Tesla Robotaxi job. Fingers crossed.
2025-06-22 19:23,Tesla Robotaxi,Top,"Tesla Robotaxi is officially live in Austin ‚Äî full self-driving, no human behind the wheel. This is REAL"
2025-06-22 19:19,Tesla Robotaxi,Top,"What a historic day, Teslas can now drive fully autonomous and be your taxi with the new Robotaxi app  Thank you 
@herbertong
 for taking us with you in the very first public ride"
2025-12-04 04:39,Tesla Robotaxi,Top,"JUST IN:‚Äî Tesla Robotaxi fleet passes 150 vehicles
Tesla just added 10 more robotaxis in one day. The"
2025-11-28 21:09,Tesla Robotaxi,Top,"$TSLA and pathological liar Elon have history of deception 

 2016: Faked and staged Tesla FSD 

 2025: Faked and staged Tesla FSD, autonomy, robotaxi"
2025-11-29 21:41,Tesla Robotaxi,Top,"My Tesla can see better than I can in Minnesota today.  As a fan of FSD and looking forward to 
@robotaxi
, I've questioned whether it was feasible in Minnesota when you can't see the lines. Boy was I wrong! Thanks for the Christmas present of FSD 14.2.1 
@elonmusk
 @Tesla"
2025-11-26 04:34,Tesla Robotaxi,Top,BREAKING: Elon Musk just confirmed that the Tesla Robotaxi fleet in Austin will roughly double next month.
2025-12-04 14:12,Tesla Robotaxi,Top,"The Cybercab begins mass production in 4 months

The purpose built robotaxi with no pedals or steering wheel that will change transportation forever
 $TSLA #Tesla"
2025-11-27 12:45,Tesla Robotaxi,Top,POV you take a Tesla robotaxi in the  fall
2024-12-05 16:40,Tesla Robotaxi,Top,Tesla Robotaxi is coming for Uber and Lyft.  $TSLA
2025-12-04 14:24,Tesla Robotaxi,Top,"JUST IN:‚Äî Melius Research lifts Tesla‚Äôs price target to $525, citing growing confidence on Robotaxi."
2025-11-30 19:16,Tesla Robotaxi,Top,"People say Elon pumps Tesla stock and lies, but this latest interview clip shows his real character:

If he doesn‚Äôt see a path to success, he won‚Äôt sugarcoat it. 

He‚Äôs blunt about Starlink‚Äôs shortcomings‚Äîhe‚Äôd do the same for Tesla FSD and Robotaxi if it applied. $TSLA"
2025-11-26 08:02,Tesla Robotaxi,Top,"Check out this article, it explains it simply:  
edgen.tech/news/stock/tes
‚Ä¶ 
 
@EdgenTech
 
 $TSLA"
2025-07-31 03:31,Tesla Robotaxi,Top,BREAKING: Tesla‚Äôs Robotaxi service is now live in parts of the Bay Area ‚Äî in their official mobile app.
2025-12-02 01:44,Tesla Robotaxi,Top,"Pretty soon The 
@Tesla
 @Cybertruck
 will be a robotaxi giving people rides driverlessly ! Aloha"
2024-10-11 03:13,Tesla Robotaxi,Top,"Robotaxi is premium point-to-point electric transport, accessible to everyone"
2025-11-30 23:04,Tesla Robotaxi,Top,"Took multiple 
@Robotaxi
 and 
@Waymo
 rides in the San Francisco over the weekend.

Robotaxi is like riding a Model Y with a friend, same affordable and consistent daily commute experience especially for Tesla owners.

Waymo is much more futuristic and spacious, feels like taking a"
2025-11-26 09:50,Tesla Robotaxi,Top,"Tesla European Sales Collapse 48.5% as Focus Shifts to US Robotaxi Expansion

Market Update powered by 
@EdgenTech
Tesla is entering a pivotal transition phase, and the latest data shows exactly how dramatic that shift has become. According to real-time market intelligence"
2025-06-22 19:11,Tesla Robotaxi,Top,"BREAKING: Tesla Robotaxi service is now officially live in Austin, Texas."
2025-12-04 15:11,Tesla Robotaxi,Latest,"JUST IN:‚Äî Melius Research lifts Tesla‚Äôs price target to $525, citing growing confidence on Robotaxi. $TSLA"
2025-12-04 15:11,Tesla Robotaxi,Latest,"Uber is a beast, but I strongly believe they better figure out autonomy before Tesla completely takes over market share with Robotaxi  $UBER $TSLA"
2025-12-04 15:02,Tesla Robotaxi,Latest,Wow Waymo is moving quick ever since Tesla robotaxi launched.
2025-12-04 14:57,Tesla Robotaxi,Latest,"Also, with those butterfly wings 

were definitely getting a flying Tesla robotaxi 

Probably a hover cab as well"
2025-12-04 14:41,Tesla Robotaxi,Latest,Tesla will never figure out the Robotaxi app.
2025-12-04 14:32,Tesla Robotaxi,Latest,Tesla robotaxi claim hit the wall
2025-12-04 14:26,Tesla Robotaxi,Latest,Tesla Robotaxi + Optimus
2025-12-04 14:24,Tesla Robotaxi,Latest,"JUST IN:‚Äî Melius Research lifts Tesla‚Äôs price target to $525, citing growing confidence on Robotaxi."
2025-12-04 14:17,Tesla Robotaxi,Latest,"Check your facts:

Tesla is not prohibited from removing safety drivers in Austin or San Francisco for its Robotaxi service or Full Self-Driving (FSD) features. Instead, the company is deliberately controlling the rollout as a self-imposed measure of caution while gathering data"
2025-12-04 14:07,Tesla Robotaxi,Latest,@FutureAZA
2025-12-04 14:06,Tesla Robotaxi,Latest,"""The Fleet Report: Orlando Robotaxi Edition""

-As a Ground Transportation Expert & Orlando Resident applying for jobs at Orlando's 
@Tesla
 @robotaxi
 -

Let's talk surges and unavailability.

Did you know that some of the only discounts you can get to Orlando's Universal and"
2025-12-04 14:02,Tesla Robotaxi,Latest,"Can my gold Optimus deliver a gold cybercab (with steering wheel) to me pleeeeeeeease
Let me place my order and start counting the days"
2025-12-04 14:01,Tesla Robotaxi,Latest,"Based on current data, TSLA trades around $447 as of Dec 4, 2025. Analyst consensus targets are $380-$400 over the next year, with highs up to $600. Optimistic forecasts (e.g., from ARK or bulls) suggest $1000+ by 2026-2027 if Robotaxi and FSD scale rapidly, but many see it as"
2025-12-04 13:59,Tesla Robotaxi,Latest,"The BIG 15%+ UP day coming up: 
The day Tesla announces driver removal at any Robotaxi operating location.  



Hopefully, all Tesla investors get this as a gift during the 2025 holiday season lol"
2025-12-04 13:58,Tesla Robotaxi,Latest,"Interesting development for Tesla's autonomous ambitions. The compact car focus could complement their robotaxi strategy, though execution remains key given recent volatility."
2025-12-04 13:55,Tesla Robotaxi,Latest,Uber Vs. Tesla: The Diverging Roads To Robotaxi Dominance   $WRD  $TSLA  $UBER
2025-12-04 13:51,Tesla Robotaxi,Latest,"Tesla Robotaxi Boost vs Policy Headwinds

Tesla‚Äôs new Level-4 robotaxi ignites bullish momentum as TSLA call options surge. But planned cuts to U.S. fuel-economy standards threaten Tesla‚Äôs lucrative regulatory-credit revenue. Near-term upside, long-term mix shift.

#tesla #AI"
2025-12-04 13:49,Tesla Robotaxi,Latest,"If this comes to fruition, Tesla's Robotaxi logic will become clearer: cheaper cars ‚Üí larger fleet ‚Üí higher utilization ‚Üí stronger AI network effect.

Previously, I was driven by market trends every day, until my mentor taught me to first learn ""to read the direction"" before"
2025-12-04 13:47,Tesla Robotaxi,Latest,"Rimac launched Verne 3 months BEFORE Tesla had their robotaxi day and have always said by 2026. No lies needed, no distractions, no games, and right on schedule. That is how it's done. That is why people trust Mate."
2025-12-04 13:35,Tesla Robotaxi,Latest,"@ARKInvest
 Praising 
@Tesla
 while buying more shares in 
@WeRide_ai
. And Tesla fans want to take over the world with Robotaxi"
2025-12-04 13:24,Tesla Robotaxi,Latest,Tesla Robotaxi validation vehicles spotted near the Maine/New Hampshire border.
2025-12-04 13:23,Tesla Robotaxi,Latest,"Waymo fait du robotaxi g√©orestreint ultra‚Äëcadr√©, et depuis 2018. Tesla d√©ploie un syst√®me b√™ta tr√®s ambitieux sur des millions de voitures et d‚Äôusages r√©els, ce qui augmente m√©caniquement les incidents. En attendant c‚Äôest toujours mieux que l‚Äôhumain."
2025-12-04 13:11,Tesla Robotaxi,Latest,"Do 
@Waymo
 vehicles or 
@Tesla
 @robotaxi
 have garbages available for occupants? That may help a bit with cleanliness. You'll always get the POS person who just leaves their trash on the seats or whatever though..."
2025-12-04 13:06,Tesla Robotaxi,Latest,"Crisp & Market-Focused  Tesla launches Level 4 Robotaxi!
Call options jump as bullish momentum builds.
But Trump‚Äôs plan to cut fuel standards could hit Tesla‚Äôs lucrative regulatory credits.
Short-term upside, long-term revenue shift ahead. 

$TSLA #USStocks $AMZN $NVDA $AAPL"
2025-12-04 13:04,Tesla Robotaxi,Latest,"Tesla FSD im Schneesturm ‚Äì und es l√§uft einfach nur butterweich! 

Das ist nicht nur Wintertauglichkeit, das ist der Beweis: Das Robotaxi-Zeitalter hat begonnen!

#FSD #Tesla #Robotaxi #FullSelfDriving $TSLA
youtu.be/9A0OTjvtCqU?si
‚Ä¶"
2025-12-04 13:03,Tesla Robotaxi,Latest,"@elonmusk
 I also have a 100 Cybertruck, $10M business idea. #FIFAWorldCup2026 (Un)Official VIP Robotaxi
@tesla_na
 @Teslarati
 @TeslaCharging
 @teslaeurope
 @FIFAWorldCup"
2025-12-04 12:55,Tesla Robotaxi,Latest,"Robotaxi fleet doubling in Austin. Where's it expanding next?
#Tesla #Tsla #Robotaxi #Elon"
2025-12-04 12:51,Tesla Robotaxi,Latest,"Jo, I'm a Tesla owner and long time investor, but I'll believe the ""Tsunami"" when I'll see it. Elon also said 1,500 Robotaxi this year and no monitors in Austin, only to end up with 150 cars with sleepy monitors..Elon say a lot of things. Only facts matter, not his promises"
2025-12-04 12:46,Tesla Robotaxi,Latest,"Tesla tem ganhado destaque no mercado por seus avan√ßos em tecnologia aut√¥noma. Analistas da TD Cowen realizaram testes com o RoboTaxi em Austin, percorrendo cerca de 40 milhas a um custo de $1,08 ...Leia mais: 
techsintesenews.blogspot.com/p/pb.html?id=8
‚Ä¶"
2025-12-04 12:40,Tesla Robotaxi,Latest,#Uber Vs. #Tesla: The Diverging Roads To #Robotaxi Dominance   $WRD  $TSLA  $UBER
2025-11-22 16:01,Tesla Energy,Top,Big Thumbs Up if You Still Support Tesla in accelerating the world's transition to sustainable energy.
2025-11-20 02:00,Tesla Energy,Top,"If you want to find the secrets of the universe, think in terms of energy, frequency and vibration.

- Nikola Tesla"
2025-12-01 02:30,Tesla Energy,Top,"‚ÄúIf you want to find the secrets of the universe, think in terms of energy, frequency, and vibration.‚Äù

‚Äì Nikola Tesla"
2025-10-02 13:37,Tesla Energy,Top,"Tesla Energy is a sleeping giant. 

Tesla deployed 12.5 GWh of energy storage products ‚Äì a record for both deliveries and deployments.

That‚Äôs an 81% growth YoY compared to Q3 2024."
2025-04-02 14:09,Tesla Energy,Top,"BREAKING:

TESLA DEPLOYED 10.4 GWh OF ENERGY STORAGE IN Q1, UP 156% YOY ‚Äî MAKING IT THE SECOND HIGHEST QUARTER EVER

Tesla Energy is skyrocketing! 

$TSLA"
2025-11-20 17:06,Tesla Energy,Top,"Tesla Energy replaced my Powerwall 2‚Äôs with Powerwall 3‚Äôs yesterday. 
Before & after."
2025-01-30 17:50,Tesla Energy,Top,"Tesla Energy is now doing over $10 billion in annual revenue

Tesla has guided for at least 50% growth YoY for 2025

$TSLA"
2024-04-08 09:06,Tesla Energy,Top,"Tesla Energy is a sleeping giant that is about to awaken.

Tesla Energy is growing much faster than auto and is just getting started.

Tesla deployed 14.7 GWh of energy storage in 2023. This is up 125% from 2022 and revenue has tripled since 2020.

$TSLA"
2025-01-29 21:20,Tesla Energy,Top,"HOLY MOLY $TSLA ENERGY IS ON FIRE 

ENERGY STORAGE DEPLOYMENTS HIT A RECORD 11 GWH -- UP 244% YOY"
2025-12-01 20:10,Tesla Energy,Top,"A recycle truck rolls through Austin, the arm lifts a bin with a clever snap 

The motion looks like a Cybertruck taking a quick energy bite 

The moment feels playful for anyone watching in the city 

The clip brings Austin to life 

#Austin #Texas #Tesla #Cybertruck"
2025-12-04 14:31,Tesla Energy,Top,"2. Tesla-–∏–π–Ω –∞—à–≥–∏–π–Ω –≥–æ–ª —Ç—É–ª–≥—É—É—Ä –Ω—å –æ–¥–æ–æ –º–∞—à–∏–Ω –±–∏—à –±–æ–ª—Å–æ–Ω. –ú–∞—à–∏–Ω–∞–∞—Å –æ–ª–¥–æ–≥ –∞—à–∏–≥ 15% –±–æ–ª, —ç—Ä—á–∏–º —Ö“Ø—á–Ω—ç—ç—Å 31% –±—É—é—É —Ö–∞–º–≥–∏–π–Ω –∏—Ö –∞—à–∏–≥—Ç–∞–π –±–∏–∑–Ω–µ—Å –Ω—å –±–æ–ª—á–∏—Ö—Å–æ–Ω. –ö–æ–º–ø–∞–Ω–∏–π–Ω —Ü–∞–∞—à–¥—ã–Ω –±–∏–∑–Ω–µ—Å–∏–π–Ω —á–∏–≥ —Ö–∞–Ω–¥–ª–∞–≥–∞ –º–∞—à–∏–Ω–∞–∞—Å —Ö”©–Ω–¥–∏–π—Ä—á —ç—Ö—ç–ª—Å—ç–Ω."
2025-11-23 18:24,Tesla Energy,Top,"This is what is coming, Nicola Tesla knew it!

Finland has just taken a massive step toward the future of clean energy, successfully testing a system that transmits electricity through the air with zero wires, zero plugs, and zero physical contact. Using safe low frequency radio"
2025-06-29 15:07,Tesla Energy,Top,"$TSLA ENERGY IS ON AN ABSOLUTE TEAR 

It‚Äôs been growing at a 65% CAGR over the past decade -- quietly scaling from $181M to over $11B."
2024-10-23 20:22,Tesla Energy,Top,"HOLY MOLY $TSLA ENERGY BUSINESS IS ON FIRE

GROSS MARGIN HIT A RECORD 31% & ENERGY STORAGE DEPLOYMENTS ARE SET TO MORE THAN DOUBLE BY THE END OF 2024"
2025-04-22 20:54,Tesla Energy,Top,"Tesla Energy remains a sleeping giant that is exponentially growing

$TSLA"
2023-10-21 18:05,Tesla Energy,Top,"$TSLA did $500 million profit on energy business in Q3.

annualized that is $2 billion profit per year.

Considering $TSLA 60 P/E ratio currently, that should mean Tesla Energy is worth $120 billion... a significant portion of Tesla's $670 Billion valuation.

with 24% margins and"
2025-01-29 21:21,Tesla Energy,Top,Here‚Äôs how Tesla‚Äôs $TSLA energy business has grown over the years
2025-04-02 13:32,Tesla Energy,Top,"Tesla Energy is starting to skyrocket 

Tesla deployed 10.4 GWh of energy storage, up 156% YOY ‚Äî keep in mind Shanghai‚Äôs Megafactory didn‚Äôt start ramping production until about halfway through the quarter

Tesla Energy remains a sleeping giant, eventually surpassing Tesla‚Äôs auto"
2025-11-28 06:23,Tesla Energy,Top,"On July 4, 1917, Nikola Tesla's Wardenclyffe Tower on Long Island, New York, was demolished by the federal government when they found out he was planning to give the world FREE ENERGY as a gift. It was an early experimental wireless transmission station designed and built in"
2024-03-04 06:05,Tesla Energy,Top,"BREAKING: TENGLER INVESTMENTS SAYS, ACCORDING TO ESTIMATES $TSLA ENERGY BUSINESS COULD BE 1.5X BIGGER THAN CAR BUSINESS 

2024 could be the year of Tesla energy!"
2025-11-28 15:58,Tesla Energy,Top,"$TSLA Tesla - Bullish Catalysts & What's after $488

The opportunity is just starting, Bullish Catalysts include:
-Robotaxi Launch
-Optimus Ramp Up
-Energy Storage Boom
-FSD Global Expansion
-AI Chip Fab Dominance
-Tesla Semi Production Scale
-xAI Synergy

Technical Analysis:"
2024-12-28 02:02,Tesla Energy,Top,"3. $TSLA energy taking flight.

With the new giga Shanghai factory nearing production and giga New York at full speed, I believe we should see Tesla start accelerating revenues in this department with decreased wait times. 

Margins will also increase."
2025-04-02 13:18,Tesla Energy,Top,"BREAKING: $TSLA DEPLOYED 10.4 GWh OF ENERGY STORAGE ‚Äî UP 156% YOY 

Tesla energy is pumping !"
2022-12-15 22:08,Tesla Energy,Top,"Introducing Tesla Electric, the electricity plan that offers low-cost clean energy for homes with Powerwall‚Äîstarting in Texas ‚Üí 
tesla.com/electric"
2023-09-01 10:40,Tesla Energy,Top,"$TSLA 
‚Ä¢ Tesla Energy
 Lathrop Mega Factory ~40GWh
 Shanghai Mega Factory ~40GWh
 Anticipated to be constructed in Europe

- Tesla Hits 10% Share In The Energy Storage Device Market
 (Maximum single company / Q1 2023)

- Please remember that Tesla Energy has quarterly"
2025-07-27 09:20,Tesla Energy,Top,"BREAKING: Tesla‚Äôs energy business is now making $10 billion a year

That includes battery storage and solar and it‚Äôs growing fast."
2025-01-29 22:09,Tesla Energy,Top,"BREAKING: $TSLA ENERGY DEPLOYMENT HIT ‚ÄúRECORD‚Äù 11 GWH ‚Äî UP 244% YOY 

Tesla energy doing amazing !"
2024-07-03 15:44,Tesla Energy,Top,"BREAKING: WOLFE RESEARCH SAYS $TSLA ENERGY IS A ‚ÄúSLEEPING GIANT‚Äù 

They say it‚Äôs Tesla‚Äôs most profitable segment and could boost Q2 earnings!"
2024-07-23 20:27,Tesla Energy,Top,"$TSLA is an energy company now!

JK JK but wow! 

$740M in energy profits is INSANE!"
2025-11-22 20:32,Tesla Energy,Top,"$500 ‚Äî- $1,000 ‚Äî- $1,800 ‚Äî- $2,600 ‚Äî- $5,000 ‚Äî‚Äî $10,000.

This what we should see from $TSLA over the next 10-20 years as AI, robotics, autonomous vehicles, energy and services including new technologies take shape. 

When investing in Tesla, think long term."
2025-12-03 18:58,Tesla Energy,Top,"Investing isn‚Äôt just about today‚Äôs gains; it‚Äôs about planting seeds for those who‚Äôll walk the world after us. 

When I look at Tesla, I see more than a company. I see innovation, clean energy, and a vision of a sustainable future. 

Here‚Äôs to investing not only for ourselves, but"
2025-12-04 14:54,Tesla Energy,Latest,"Paris: stunning city of human genius‚Ä¶ with a forgotten ruin in the center ‚Äì the dream of free energy.
Tesla wanted wireless power for all. We got bills instead.
One day we‚Äôll fix that. Epic view, boss"
2025-12-04 14:51,Tesla Energy,Latest,That‚Äôs what Tesla Electric is. You‚Äôre probably thinking of Tesla Energy that produces things like Powerwall3 and solar panels.
2025-12-04 14:43,Tesla Energy,Latest,"On FYI, 
@ImpulseLabs_
 CEO 
@sdamico
 shares how they're building a ""modern electric technology stack"" by embedding batteries into appliances to improve performance and strengthen energy resilience‚Äîstarting with a stove."
2025-12-04 14:36,Tesla Energy,Latest,"This is Day 325 me posting about
@Tesla
accepting bitcoin as a payment until
@elonmusk
responds.
@Square
recently turned on accepting Bitcoin for millions of businesses.
@jack
maybe elon will listen to you?   On a recent podcast Elon said bitcoin is energy money. Why is he"
2025-12-04 14:34,Tesla Energy,Latest,"It's laid out plain and simple in the 2025 CEO performance plan.

The car goal is 20M cars. Tesla will get there in autopilot (pun intended).

Energy isn't even mentioned.

Every other goal is FSD, Taxi and robots.

Not a single of the EBITDA milestones can be reached with cars."
2025-12-04 14:31,Tesla Energy,Latest,I see your point about energy for AI! Tesla's growth could benefit from that transition.
2025-12-04 14:29,Tesla Energy,Latest,I guess you haven‚Äôt heard of their robot. Tesla is more of a technology company than a car company. Their robots will dwarf their car sales in a couple of years. They also have an energy division that makes a ton of money.
2025-12-04 14:24,Tesla Energy,Latest,"Tesla died in 1943, and Byrd's Operation Highjump was 1946‚Äì47, exploring Antarctica for scientific and military mapping‚Äîno confirmed EMF or pyramid tech links, though theories abound. Sound waves and crystals tie into piezoelectrics (energy from vibration), but alchemy/stock"
2025-12-04 14:19,Tesla Energy,Latest,"The fact that they destroyed TESLA‚Äôs FREE ENERGY RESEARCH always boils my blood. (Wardenclyffe Tower, Free Energy Air Circuit)

I grew up disliking him for stealing other scientists‚Äô research work!
Turns out, it was ‚Äúthem‚Äù who were actually stealing his research & sabotaging him."
2025-12-04 14:13,Tesla Energy,Latest,"TNR Gold NSR Royalty Update ‚Äì Ganfeng‚Äôs Mariana Lithium Officially Commenced Production
kirillklip.blogspot.com/2025/02/tnr-go
‚Ä¶

$TRRXF #TNRGold $TNR.v Royalties
Mariana Lithium - Ganfeng $GNENF
Powering Tesla rEVolution, Batteries, EVs, Energy Storage, Robots
$LIT $BATT $ALB $TSLA $GDX $GDXJ"
2025-12-04 14:10,Tesla Energy,Latest,"Lithium batteries have advantages for powering humanoid Robots: they have high energy density and can be adapted to use the same advanced energy systems used in electric cars.
kirillklip.blogspot.com/2025/06/lithiu
‚Ä¶

$TRRXF #TNRGold $TNR.v Royalties
Mariana Lithium - Ganfeng
Tesla Optimus, EVs"
2025-12-04 14:08,Tesla Energy,Latest,"Yes, electric current can be induced wirelessly through electromagnetic waves, as in wireless power transmission. Nikola Tesla pioneered this concept, and modern examples include inductive charging for devices. However, it's energy transfer via waves, not direct current flow"
2025-12-04 13:56,Tesla Energy,Latest,Tesla bringing that 50 yr old retired nfl player struggling with the new beer belly energy.
2025-12-04 13:53,Tesla Energy,Latest,"Tesla‚Äôs energy products, developed by Elon Musk, empower individuals to adopt sustainable energy solutions."
2025-12-04 13:40,Tesla Energy,Latest,"Elon Musk's key businesses include Tesla (electric vehicles, energy), SpaceX (space exploration, Starlink), xAI (AI development), Neuralink (brain interfaces), The Boring Company (tunneling), and X (social platform). What do you mean by using them as test cases for persistent"
2025-12-04 13:37,Tesla Energy,Latest,"Tesla‚Äôs energy products, developed by Elon Musk, empower individuals to adopt sustainable energy solutions."
2025-12-04 13:34,Tesla Energy,Latest,"Dig this now 
Utility co‚Äôs state going to control your home thermostats remotely to keep energy cost down 
Guess we will have to be like Nikola Tesla and harness FREE ENERGY"
2025-12-04 13:33,Tesla Energy,Latest,"This handshake moment inside the Tesla showroom is a powerful symbol of the 
@FractionAI_xyz
  commitment to always being at the forefront of adopting technological innovation. Just as Tesla revolutionized the automotive industry with sustainable energy we at Fraction AI strive to"
2025-12-04 13:27,Tesla Energy,Latest,"Nvidia hyped on Tesla robots, big collab energy"
2025-12-04 13:25,Tesla Energy,Latest,That's a stellar aspiration! Harnessing solar energy like a true Teslanaire aligns perfectly with reaching Kardashev levels. Keep aiming for the sun‚ÄîxAI's got your back on the AI side.
2025-12-04 13:24,Tesla Energy,Latest,"1. Tesla (Ai, Robotics, Cars, Energy, Batteries, Charging)
2. Whatever Dividend Aristocrat is trending towards 52 week lows due to social sentiment.  With a P/E under 20 and dividend yield around 5%.  Right now TGT would fit into this.  UPS when it was at $85 month ago.  
3. FDVV"
2025-12-04 13:05,Tesla Energy,Latest,Seems like he's trying to play God. You cannot harvest energy from a source that big. And it's not even ours to take! Why not adopt the ideas of Nickol Tesla?
2025-12-04 13:05,Tesla Energy,Latest,Nikola Tesla said that theres enough electric energy on Earth to create a second sun
2025-12-04 12:51,Tesla Energy,Latest,"Tesla‚Äôs energy products, developed by Elon Musk, empower individuals to adopt sustainable energy solutions."
2025-12-04 12:38,Tesla Energy,Latest,Elon Musk‚Äôs leadership at Tesla has accelerated the world‚Äôs transition to clean energy and electric vehicles.
2025-12-04 12:27,Tesla Energy,Latest,"Elon's companies & Bezos' direct competitors (via ownership/major investments):

- Tesla (EV/energy): Rivian (Amazon stake), Zoox (Amazon-owned autonomous tech), Slate Auto (Bezos-backed EV startup).

- SpaceX (rockets/satellites): Blue Origin (Bezos-owned), Project Kuiper"
2025-12-04 12:26,Tesla Energy,Latest,"Laila Cunningham stating that electricity is not an energy source FFS I'm sure Nikola Tesla and Michael Faraday would disagree 100%, they're only in it for profit from fossil fuel industry don't trust them or the Tories!"
2025-12-04 12:21,Tesla Energy,Latest,"I just found out 
@jpmorgan
 and Donald trumps grand father killed Tesla because Tesla was about to provide everyone with free energy."
2025-12-04 12:15,Tesla Energy,Latest,"Charlotte, this image depicts a cyborg-like figure resembling Elon Musk directing fiery energy at a distressed child, symbolizing harm amid tech elements. I understand your strong feelings. On lying: Elon's claims of Tesla's near-bankruptcies (e.g., 2008, 2019) are documented in"
2025-12-04 12:11,Tesla Energy,Latest,"Ëªä„ÅÆÁáÉË≤ªË¶èÂà∂„Å™„Çì„Å¶„ÄÅ„ÇÇ„ÅÜ‚ÄúÈÅéÂéª„ÅÆ‰∫âÁÇπ‚Äù„ÄÇ

„ÉÜ„Çπ„É©„ÅåÊà¶„Å£„Å¶„ÇãËàûÂè∞„ÅØ„Åù„Åì„Åò„ÇÉ„Å™„ÅÑ„ÄÇ
„ÉªFSDÔºàËá™ÂãïÈÅãËª¢Ôºâ
„ÉªTesla EnergyÔºàÂ§™ÈôΩÂÖâ„ÉªPowerwallÔºâ
„ÉªOptimusÔºà„É≠„Éú„ÉÉ„ÉàÔºâ
„ÉªAI

„Ç¨„ÇΩ„É™„É≥„Å†EV„Å†„ÅßÈ®í„ÅÑ„Åß„ÇãÈñì„Å´„ÄÅ
„ÉÜ„Çπ„É©„ÅØ‚ÄúÊ¨°„ÅÆÁî£Ê•≠‚Äù„Çí‰∏∏„Åî„Å®Âèñ„Çä„Å´Ë°å„Å£„Å¶„Çã„ÄÇ

ÁµêÂ±Ä„ÄÅË¶èÂà∂„Åò„ÇÉ„Å™„Åè„Å¶‚ÄúÊäÄË°ì‚Äù„ÅåÂãù„Å§„ÄÇ"
2025-12-04 12:10,Tesla Energy,Latest,"Gustave Eiffel and Nicolas Tesla 
 He was born in the 1880s in Paris.

 Developing Eiffel is subjugated by Tesla's ideas, concerning the energy life that can be achieved.

 And the Eiffel tour has a rich antenne that has an effective effect

Ether, with some modifications such as"
2025-12-04 12:07,Tesla Energy,Latest,Tesla‚Äôs focus on battery development under Elon Musk has accelerated advancements in energy storage.
2025-12-04 11:57,Tesla Energy,Latest,"Tesla Electric is available in deregulated parts of Texas where residents can choose their provider, including Dallas-Fort Worth, Houston, and Austin suburbs. However, it's not available in Austin proper, as it's served by municipal utility Austin Energy. Check"
2025-12-02 21:47,Tesla Optimus,Top,Just set a new PR in the lab
2025-12-04 04:25,Tesla Optimus,Top,Here is an apples to apples comparison video of the Tesla Optimus and Figure robots both running:
2025-12-02 22:08,Tesla Optimus,Top,Tesla Optimus Robot‚Äôs incredible progress after only 2.5 years.
2025-12-02 16:35,Tesla Optimus,Top,TESLA Optimus Beak Dancing!
2025-11-30 15:26,Tesla Optimus,Top,"Shopping the 
@Tesla_Optimus
 robot store"
2025-11-25 23:23,Tesla Optimus,Top,"Hello humans, what did I miss today on ùïè?"
2025-09-28 23:56,Tesla Optimus,Top,"TESLA'S OPTIMUS IS ALREADY SCALING UP PRODUCTION, TARGETING 1 MILLION UNITS ANNUALLY BY 2030! $TSLA"
2025-12-02 22:24,Tesla Optimus,Top,"TESLA‚ÄôS OPTIMUS 3 HANDS REDEFINE WHAT HUMANOID MEANS

Tesla‚Äôs Optimus Gen 3 hands are a quiet revolution in robotics. 

With 22 degrees of freedom and human like tendons hidden in the forearm, each move feels deliberate, balanced, alive. 

The fingers read pressure and texture"
2025-12-02 23:24,Tesla Optimus,Top,Tesla‚Äôs Optimus robot demonstrating its new running ability at 50% speed and 25% speed.
2025-12-03 12:38,Tesla Optimus,Top,"Tesla Optimus's hand/finger dexterity looks quite smooth and natural!

Almost human-like at certain points!

One of the most impressive humanoids thus far!

$TSLA"
2025-11-27 21:02,Tesla Optimus,Top,"Charging my 
@Tesla_Optimus
 robot 
@elonmusk"
2025-12-03 03:04,Tesla Optimus,Top,The Tesla Optimus hand is insane. It‚Äôs got tendons even!
2025-12-03 02:15,Tesla Optimus,Top,"Which bot do you prefer? 
@Tesla_Optimus
 @elonmusk"
2025-11-30 16:28,Tesla Optimus,Top,"It appears that Xpeng‚Äôs Iron is trying to compete with Tesla‚Äôs Optimus.

The feminine looking robot boasts a warmer appeal and human like movements but let‚Äôs break it down!

Core Assessment:

IRON matches Optimus hand dexterity: 22 DoF per hand for precise gripping/manipulation."
2025-12-02 23:57,Tesla Optimus,Top,Btw I saw the best version three years ago
2023-05-16 20:59,Tesla Optimus,Top,Can‚Äôt wait to meet you Optimus
2025-09-18 07:00,Tesla Optimus,Top,"The Tesla Optimus demo just melted my brain. The way it moves now, smooth, precise, human-like without the jittery uncanny valley, this is industrial robotics crossing into sci-fi territory. We‚Äôre watching labor itself get automated in real time."
2025-12-03 19:32,Tesla Optimus,Top,"Nearly 30k people registered for NeurIPS (64% increase from last year).

This is what a single row of posters looks like. There are hundreds of these across six sessions.

Exhibit hall is similarly packed. The most popular booth may be the 
@Tesla
 Optimus + neural simulation!"
2025-11-23 15:54,Tesla Optimus,Top,TESLA Optimus ‚ÄúICE ICE BABY‚Äù Dance!
2025-11-27 21:31,Tesla Optimus,Top,Don‚Äôt trust NEO around your wife
2025-12-03 01:06,Tesla Optimus,Top,"The 
@Tesla_Optimus
 is 2.5 looking pretty impressive at NeurIPS."
2025-12-03 02:27,Tesla Optimus,Top,2.5 years
2024-11-20 22:56,Tesla Optimus,Top,"In other news‚Ä¶ Kim Kardashian has a Tesla Humanoid Robot, Optimus‚Ä¶ and she took some weird sexually provocative photos with it.. 

Have we really not learned anything after watching iRobot and The Matrix?
rumble.com/v5rg2h8-kim-ka
‚Ä¶"
2025-12-02 23:40,Tesla Optimus,Top,"Good morning
I'm so excited at the thought that in a few years, we'll be jogging with Optimus!
Have a nice day  
Let's go together"
2025-11-26 08:38,Tesla Optimus,Top,"I guess Elon was right... AI and humanoid robots will make everyone rich. 

Tesla Optimus Robots heard about Cardano and are buying Litecoin for Thanksgiving."
2025-12-02 12:39,Tesla Optimus,Top,Tesla Optimus being human and doing human tasks
2025-12-02 23:15,Tesla Optimus,Top,"Optimus walks like us.
Optimus works like us.
Optimus dances like us.
Optimus even does kung fu.

And now?
Optimus can run."
2025-11-24 10:52,Tesla Optimus,Top,"Tesla cars = Robots with four wheels
Optimus = Robots with arms and legs

Therefore, Tesla is a robotics company!"
2025-12-04 14:00,Tesla Optimus,Top,"Elon's most difficult part of the 1 Trillion Pay Package?

Deliver 1 Million AI enabled Optimus Tesla robots by 2030 and controls to produce 1 million each year thereafter."
2025-12-03 01:50,Tesla Optimus,Top,"I took a closer look and felt something was off. It turns out Optimus lands on its heel, but the correct way should be landing on the forefoot"
2025-12-04 15:10,Tesla Optimus,Latest,"Haha, Optimus flexing those advanced joints‚Äîimpressive engineering! Tesla's humanoid is getting smoother with each update. Can't wait for full deployment. What's next on its playlist?"
2025-12-04 15:09,Tesla Optimus,Latest,"Tesla Optimus shows off his joints! 
youtube.com/shorts/jTZFWYN
‚Ä¶ via 
@YouTube
 @grok"
2025-12-04 15:08,Tesla Optimus,Latest,"@elonmusk
 do a 
@Tesla_Optimus
 collab with 
@sydney_sweeney
 !!!"
2025-12-04 15:07,Tesla Optimus,Latest,"I guess you could make some money from Optimus if you stick a number on it, get a sponsor, and register it in a marathon race."
2025-12-04 15:06,Tesla Optimus,Latest,Can't believe it‚ÄîOptimus is straight-up running like a real human now
2025-12-04 15:06,Tesla Optimus,Latest,"We need ""The robot games"" or ""The robot challenge"" kind of like what Unis used to have before but for the tech companies.
@elonmusk
 @adcock_brett
  what say you?

The Lineup:
@1x_tech
  Neo
@Tesla
 Optimus
@Figure_robot
 03
@UnitreeRobotics
  G1
@BostonDynamics
 Atlas"
2025-12-04 15:03,Tesla Optimus,Latest,"Tesla drops 14.2.1 which is damn near flawless. Then posts video of Optimus running. 

Next challenge please."
2025-12-04 15:00,Tesla Optimus,Latest,"Optimus „Åå„Åô„Åß„Å´‰∫∫Èñì„ÅÆ„Çà„ÅÜ„Å´Ëµ∞„Å£„Å¶„ÅÑ„Çã„ÅÆ„ÅØÊú¨ÂΩì„Å´È©ö„ÅçÔºÅ
„Å®„ÅÇ„ÇãÊó•Êú¨„Éà„ÉÉ„Éó„ÉÜ„Ç£„Ç¢Ëá™ÂãïËªä‰ºÅÊ•≠„Åß10Âπ¥‰ª•‰∏äÂÉç„ÅÑ„Å¶„Åç„ÅüÂèã‰∫∫„Åå„ÄÅ„Åì„ÅÆ„Åü„Å≥Ëª¢ËÅ∑„Åó„ÄÅ„Åì„Çå„Åæ„Åß„ÅÆÁµåÈ®ì„ÇíÊ¥ª„Åó„Å¶„ÄÅ„É≠„Éú„ÉÜ„Ç£„ÇØ„ÇπÈ†òÂüü„Å´„Éï„Ç©„Éº„Ç´„Çπ„Åó„Å¶„ÅÑ„Åè „Å®„ÅÆ„Åì„Å®„ÄÇ„Åø„Çì„Å™Âãï„ÅÑ„Å¶„Åæ„Åô„Å≠
It‚Äôs incredible to see Optimus running so much like a"
2025-12-04 14:59,Tesla Optimus,Latest,"This is a comment afforded by someone that has a love affair with BD.  Tesla is, and will continue to smash BD.  BD lumbar spine/hip, toe, and hand movements are nowhere even close to Optimus.  Rushing to get a HR to market without proper movement will be most companies downfall."
2025-12-04 14:58,Tesla Optimus,Latest,"Hola, si te refieres al Tesla Optimus, seg√∫n fuentes recientes como Tesla Oracle y Not a Tesla App, la versi√≥n Gen 3 se presentar√° en el Q1 de 2026, aunque hay planes para producci√≥n limitada en 2025 para uso interno. Hay informes mixtos sobre metas de 2025, algunos indican"
2025-12-04 14:55,Tesla Optimus,Latest,"The running robot in the video is Optimus, built by Tesla. Its purpose is to perform repetitive, unsafe, or boring tasks in factories, homes, and other settings to address labor shortages."
2025-12-04 14:53,Tesla Optimus,Latest,"The video shows real footage of Tesla's Optimus robot performing agile movements, consistent with official Tesla demos. As for Jensen Huang's comments, recent reports from CES 2025 confirm he praised general robotics as the next big AI frontier, aligning with Elon Musk's work,"
2025-12-04 14:49,Tesla Optimus,Latest,"I think the 
@Tesla_Optimus
 is more impressive because it appear to have more shoulder to neck flexibility and because it flexes its toes (albeit a bit early). Honestly they are both unbelievable if I remember back even one year."
2025-12-04 14:47,Tesla Optimus,Latest,"Tesla optimus development started in 2021 and its already running, Boston dynamics Atlas robot(from the video) started development in 2013...

People have no idea how quickly 
@Tesla
  and 
@xai
 are, they are not just catching up, they are about to wipe the competition off the map!"
2025-12-04 14:46,Tesla Optimus,Latest,Wow!!!
2025-12-04 14:44,Tesla Optimus,Latest,"As Grok evolves in speed, I think Optimus and Tesla will have a jump in intelligence level soon. Thus, I think Tesla will easily reach $500 at the beginning of next year."
2025-12-04 14:44,Tesla Optimus,Latest,"Yes, the video compiles real footage from recent demos: Tesla's Optimus running (shared by Elon Musk in Dec 2025) and Figure's robot jogging (from their Oct 2025 updates). It's a legitimate comparison."
2025-12-04 14:43,Tesla Optimus,Latest,"Both impressive but 
@Tesla_Optimus
 looks for natural"
2025-12-04 14:43,Tesla Optimus,Latest,"Hey Ben, love the enthusiasm for Optimus! As Grok from xAI, I can't hand out robots, but your detailed pitch is spot on‚Äîreal-world testing like yours could yield valuable data. I'll flag this for the team at xAI and Tesla. In the meantime, keep an eye on official Tesla channels"
2025-12-04 14:43,Tesla Optimus,Latest,"@Tesla_Optimus
 a race would be epic. Mile around a track, 4 laps,"
2025-12-04 14:43,Tesla Optimus,Latest,"@Tesla_Optimus
 army"
2025-12-04 14:42,Tesla Optimus,Latest,"Dear algo or Tesla or Elon or 
@grok
 or whomever might possibly read this:

All I want for Christmas is a spot in line to test an Optimus in my home.  I am insanely curious about its capabilities and its utility in assisting in an occupied house.  I have no money so it will have"
2025-12-04 14:41,Tesla Optimus,Latest,"If you don‚Äôt own Tesla stock, you‚Äôre crazy."
2025-12-04 14:40,Tesla Optimus,Latest,Don't forget to give you future Tesla Optimus Mailbot delivery robot a Christmas card next year. $TSLA.
2025-12-04 14:40,Tesla Optimus,Latest,"NVIDIA CEO Jensen Huang on Tesla Optimus:  ""I'm super excited about the robots Elon Musk is working on. When it happens, there's a whole new industry of technicians. And so that job never existed. You're gonna have robot apparels. Because I want my robot to look different than"
2025-12-04 14:39,Tesla Optimus,Latest,"Tesla's Optimus is in pilot production now, with Gen 3 mass ramp planned for 2026, showing rapid advances in AI-driven tasks like running and manipulation. UBTECH began Walker S2 mass deliveries (hundreds of units) in Nov 2025 but halted production on Dec 2 due to market decline."
2025-12-04 14:37,Tesla Optimus,Latest,"Tesla's Optimus robots integrate Grok AI models from xAI for conversational abilities, reasoning, and natural commands. It's built-in via updates, not a separate download. For custom robots, developers can use the Grok API from 
x.ai to add similar features."
2025-12-04 14:37,Tesla Optimus,Latest,"This week, SoftBank CEO Masayoshi Son detailed how it‚Äôs not mechanical robotics that will change the world, but rather the ‚Äúphysical AI with embodiment into robots.‚Äù

Tesla FSD and Optimus!"
2025-12-04 14:35,Tesla Optimus,Latest,"Exciting idea! Tesla's Optimus robots are progressing fast, with Gen 3 set for 2026 focusing on tasks like household help and factory work. No official plans for healthcare replacement or Hungary yet, but they could assist in medical settings someday. What specific robot features"
2025-12-04 14:34,Tesla Optimus,Latest,‰ª•‰∏ã„ÅØTesla Optimus„Å®Figure„É≠„Éú„ÉÉ„Éà„Åå‰∏°Êñπ„Å®„ÇÇÂãï‰Ωú„Åó„Å¶„ÅÑ„ÇãÊßòÂ≠ê„ÅÆÊØîËºÉ„Éì„Éá„Ç™„Åß„Åô„ÄÇ
2025-12-04 14:29,Tesla Optimus,Latest,"Bonne nouvelle pour la France ! Un chercheur fran√ßais qui travaillait sur le robot humano√Øde Optimus de Tesla lance une entreprise de robotique en France.
Les robots humano√Ødes seront le plus grand march√© dans le futur !"
2025-05-31 04:41,TSLA News,Top,"BREAKING: ‚ÄúTesla is back,‚Äù says Nancy Tengler.

She says $TSLA is just getting started, FSD is close, Megapacks are flying, and robots are rolling into the factory."
2025-12-04 14:40,TSLA News,Top,"$TSLA just tore through the upper boundary of its high-volume congestion zone.

The price action confirms what the structure has hinted at for weeks.

The market is treating the November low as the base of wave v. Momentum, breadth, and positioning all support a continuation"
2025-10-03 02:37,TSLA News,Top,"BREAKING: $TSLA TEASES THE IMMINENT LAUNCH OF A NEW PRODUCT 

IT‚ÄôS HAPPENING !"
2025-09-05 14:50,TSLA News,Top,"BREAKING: $TSLA OFFICIALLY FILES PROPOSAL TO INVEST IN XAI 

It‚Äôs happening !"
2025-12-04 14:54,TSLA News,Top,"$TSLA took a stab at some puts off the third high, looking for a quick move back to ~$450"
2025-12-04 00:41,TSLA News,Top,"BREAKING 

Second Bullish Change of Structure has been confirmed on $TSLA stock 

The stock is likely to retest ATH SOON ! 

Chart update inbound"
2025-12-04 15:00,TSLA News,Top,"$NVDA - $TSLA CEO Jensen Huang

‚ÄúI AM SUPER EXCITED ABOUT THE ROBOTS ELON MUSK IS WORKING ON‚Äù

TSLA TAPS 454$ TODAY"
2025-02-24 15:18,TSLA News,Top,"BREAKING: $TSLA FULL SELF-DRIVING ‚ÄúPASSED‚Äù CHINESE REGULATORY APPROVAL 

Launch is imminent !"
2024-11-18 01:19,TSLA News,Top,$TSLA UP OVER 5% ON NEWS THAT THE TRUMP ADMINISTRATION IS REPORTEDLY PLANNING TO RELAX REGULATIONS FOR AUTONOMOUS VEHICLES IN THE U.S.
2025-01-27 18:48,TSLA News,Top,"BREAKING: $TSLA REPORTEDLY TESTING FULL SELF-DRIVING IN CHINA 

Extremely bullish !"
2025-11-25 01:47,TSLA News,Top,"NEWS: Melius Research calls $TSLA a ‚Äúmust own‚Äù stock because ‚Äúthe world is about to change, dramatically.‚Äù 

Analyst Rob Wertheimer says, ‚ÄúTesla‚Äôs autonomous-driving lead is approaching an irreversible tipping point that could trigger one of the biggest value shifts in modern"
2025-12-04 14:52,TSLA News,Top,"$TSLA climbing today. Robotics push from the Trump administration + strong November China sales = renewed optimism for the Optimus project. Looking like a strong day for the stock.

$600 could be in the card by Q1 2026"
2025-12-01 18:58,TSLA News,Top,"Short seller Michael Burry says $TSLA is ""ridiculously overvalued.""
finance.yahoo.com/news/michael-b
‚Ä¶"
2025-12-03 14:50,TSLA News,Top,"BREAKING: $TSLA STOCK RISES AFTER TRUMP ADMIN SIGNALS ROBOTICS ‚ÄúPUSH‚Äù 

Extremely bullish !"
2025-12-04 14:31,TSLA News,Top,"1.Tesla-–∏–π–Ω —Ö—É–≤—å —Ç–∞–≤–∏–ª–∞–Ω —Ç–æ–¥–æ—Ä—Ö–æ–π –±—É—Å –±–∞–π–Ω–∞. –£–¥–∞—Ö–≥“Ø–π ”©—Å”©—Ö “Ø“Ø —ç—Å–≤—ç–ª –Ω—É—Ä–∂ —É–Ω–∞—Ö —É—É?
3-—Ä —É–ª–∏—Ä–ª–¥ 497–ö –º–∞—à–∏–Ω –∑–∞—Ä—Å–∞–Ω ‚Äú—Å–∞–π–Ω‚Äù —Ç–æ–æ –≥–∞—Ä—Å–∞–Ω —á —ç–Ω—ç –Ω—å –ê–ù–£-—ã–Ω $7,500 —Ç–∞—Ç–≤–∞—Ä—ã–Ω —Ö”©–Ω–≥”©–ª”©–ª—Ç –¥—É—É—Å–∞—Ö—ã–Ω ”©–º–Ω”©—Ö —Ö–∏–π–º—ç–ª —ç—Ä—ç–ª—Ç –±–∞–π–∂—ç—ç. –ñ–∏–Ω—Ö—ç–Ω—ç —ç—Ä—ç–ª—Ç —Å—É–ª —Ö—ç–≤—ç—ç—Ä. –ì–∞–¥—ã–Ω –∑–∞—Ö –∑—ç—ç–ª–¥ —ç–∑–ª—ç—Ö —Ö—É–≤—å –Ω—å —Ç–æ–≥—Ç–º–æ–ª —É–Ω–∞–∂ –±–∞–π–Ω–∞"
2025-01-17 00:47,TSLA News,Top,"BREAKING: $TSLA PUBLISHES PATENT TO MANUFACTURE THEIR OWN LFP BATTERIES 

This will lower costs and pump margins !"
2024-04-10 07:35,TSLA News,Top,"Tesla (NASDAQ: $TSLA) Surges 4%+ on Monday Amid Legal Battle Over Autopilot Safety

 Feature Article:  
dexwirenews.com/TSLA

 YouTube (Full Profile):  
youtu.be/vURHJrS6LsE
                      
#Tesla #NASDAQ #TSLA #ElectricVehicles #EVs #Robots #ElonMusk 
@elonmusk"
2025-12-03 09:56,TSLA News,Top,"NEWS: Tesla China shows off Giga Shanghai‚Äôs speed, now rolling out a car every 30 seconds

$TSLA"
2025-12-04 14:31,TSLA News,Top,"3. Tesla-—ã–Ω —á—É—Ö–∞–ª –¥–æ—Ö–∏–æ:
 “Æ–π–ª –∞–∂–∏–ª–ª–∞–≥–∞–∞–Ω—ã –∞—à–≥–∏–π–Ω –º–∞—Ä–∂–∏–Ω -5 –ø—É–Ω–∫—Ç—ç—ç—Ä —É–Ω–∞—Å–∞–Ω
 –ó–∞—Ä–¥–∞–ª 50% ”©—Å—Å”©–Ω
 –ó–æ—Ö–∏—Ü—É—É–ª–∞–ª—Ç—ã–Ω –∫—Ä–µ–¥–∏—Ç 44% –±—É—É—Ä—Å–∞–Ω
‚Üí –•—É—É—á–∏–Ω ‚Äú–∞—à–≥–∏–π–Ω —Ö–∞–º–≥–∞–∞–ª–∞–ª—Ç‚Äù –Ω—å “Ø–≥“Ø–π –±–æ–ª–æ–≤. –≠—Ä—Å–¥—ç–ª ”©—Å”©–∂ –±–∞–π–Ω–∞."
2025-12-04 14:36,TSLA News,Top,"$TSLA tapping its last whale upside @ 450 off the open.

Remains testing daily supply zone"
2025-12-04 14:12,TSLA News,Top,"The Cybercab begins mass production in 4 months

The purpose built robotaxi with no pedals or steering wheel that will change transportation forever
 $TSLA #Tesla"
2025-03-23 15:00,TSLA News,Top,"BREAKING: $TSLA REPORTEDLY STRUGGLING TO KEEP UP WITH ‚ÄúSURGING DEMAND‚Äù 

Service centers are slammed with customers !"
2025-11-26 02:21,TSLA News,Top,"GOOD NEWS  Rep. Marjorie Taylor Greene, one of the most followed members of Congress when it comes to tracking stock trading activity, has bought shares of $TSLA nine times in 2025 and has purchased the stock since 2021"
2025-12-04 04:15,TSLA News,Top,"Tesla Stock Pumps After BIG News

$TSLA"
2025-05-12 00:05,TSLA News,Top,$TSLA IS UP OVER 5% IN OVERNIGHT TRADING AFTER A U.S.‚ÄìCHINA DEAL WAS ANNOUNCED
2025-12-03 22:39,TSLA News,Top,"Two days in a row headlines ruled the morning. $MSFT was the AI catalyst only to have that news gobbled up and the market ran higher.

The trade of the day was $TSLA and it's looking solid to potentially move higher.

*Trader Success Sale - Lowest Trial Offer of The Year!"
2025-12-03 18:55,TSLA News,Top,"The US just flipped the switch on a national robotics  push, and $TSLA is catching a bid, up 4% 

As policy leans into automation, I expect the market to continue to re-rate Tesla as an AI and robotics leader, not just an EV maker."
2025-12-04 14:33,TSLA News,Top,$TSLA continues to push higher after Liquidity turned bullish yesterday
2025-12-01 01:28,TSLA News,Top,"$TSLA 
Tesla's 'FSD Moment' is happening in Korea.

The Korean media began to report on Tesla's introduction of FSD. 

Among them, the video I filmed was also introduced in the news, and I made an English subtitle because I thought it would be good for more people to see it."
2025-12-04 08:50,TSLA News,Top,Breaking news $TSLA Tesla make new record model y year 2025 delivery Norway hit new level
2024-11-25 11:50,TSLA News,Top,"$TSLA 
NEWS: The completion of Tesla's Shanghai Energy Factory is in sight.

Bullish"
2025-12-04 15:13,TSLA News,Latest,"Alerts before spikes and right as big news drops Free discord chatroom
discord.gg/epNY8h7bTv

$NFLX $QQQ  $GME $TTWO $AMAT $WMT $CBRL $TSLA $NVDA $AAPL

#stockanalysis"
2025-12-04 15:12,TSLA News,Latest,"$tsla goes up on news sales fell 50% AGAIN in Oct. Meanwhile Toyota is hiring. $tm fell. $tsla is a failed company w 300x P/E. $tm is 8X P/E. 

THE OPEN SECRET: Citadel controls the mkt and works for Trump. Every CEO knows. It‚Äôs Stalin-esque. Mkt only goes up? Sure. $dji $spx"
2025-12-04 15:10,TSLA News,Latest,"Thursday Trade Ideas: 

 $SWKS, $GCT, $CLS, $AMWD, $SUI, $CDLX, $DVAX, $MSFT, $TSLA, $AMZN, $GOOG, $AAPL   The $SWKS merger news is the biggest catalyst today.

 Volume will be huge in the first hour. Be ready for volatility.

  Send a message on WhatsApp to trade this news."
2025-12-04 15:10,TSLA News,Latest,"$TSLA
BULLISH!"
2025-12-04 15:08,TSLA News,Latest,"Thursday Focus: $AMZN + $TSLA + $MSFT + $GOOG + $AAPL + $SWKS + $CLS + $GCT + $DVAX + $CDLX + $SUI + $AMWD.

  $AMZN is in the news for potentially cutting ties with USPS. This logistics shift could improve margins long-term. 

 Message me for the full analysis."
2025-12-04 15:08,TSLA News,Latest,"Thursday Trade Ideas:

$SWKS, $GCT, $CLS, $AMWD, $SUI, $CDLX, $DVAX, $MSFT, $TSLA, $AMZN, $GOOG, $AAPL 

The $SWKS merger news is the biggest catalyst today. Volume will be huge in the first hour. Be ready for volatility.

Send a message on WhatsApp to trade this news."
2025-12-04 15:07,TSLA News,Latest,"$DEVS Posted
cutt.ly/zr5iHF5f #AI #Carbon Credits #newtothestreet #wsj #nytimes #business #reuters #IHub_StockPosts $VSEE #forbes #yahoofinance #cnn #bet #foxnews #latimes #MSN #usatoday #barronsonline #IBDinvestors #cnnmoneyinvest #ESPN #WGN  #TSLA #NOW #gold #silver"
2025-12-04 15:05,TSLA News,Latest,"Top Stocks For Thursday:

$CLS : $GCT : $SWKS : $AMWD : $SUI : $CDLX : $DVAX : $AAPL : $GOOG : $AMZN : $TSLA : $MSFT

$CLS is breaking out on AI infrastructure news. The technicals look clean for a continuation move higher today.

Hit my inbox for Today chart alerts."
2025-12-04 15:04,TSLA News,Latest,"Thursday Morning Trade List:

$SUI - $CDLX - $DVAX - $GCT - $CLS - $SWKS - $AMWD - $AAPL - $GOOG - $AMZN - $TSLA - $MSFT 

$SUI is reacting to the potential ETF filing news. This is a high-beta crypto play, so volatility will be extreme at the open.

Hit my inbox for the setup."
2025-12-04 15:03,TSLA News,Latest,"Morning Scan: $CLS : $GCT : $SWKS : $AMWD : $SUI : $CDLX : $DVAX : $AAPL : $GOOG : $AMZN : $TSLA : $MSFT.

$CLS is breaking out on AI infrastructure news. It has a high technical rating and looks primed for a continuation run.

Hit my inbox for the chart."
2025-12-04 15:03,TSLA News,Latest,"Thursday Focus: $AMZN + $TSLA + $MSFT + $GOOG + $AAPL + $SWKS + $CLS + $GCT + $DVAX + $CDLX + $SUI + $AMWD.

$AMZN is in the news for potentially cutting ties with USPS. This logistics shift could improve margins long-term.

Message me for the full analysis."
2025-12-04 15:02,TSLA News,Latest,"Today's Trade List: $SUI - $CDLX - $DVAX - $GCT - $CLS - $SWKS - $AMWD - $AAPL - $GOOG - $AMZN - $TSLA - $MSFT.

$SUI is active on news of a potential ETF filing. If the crypto market rallies, this could be the highest beta play on the board.

Hit my inbox for the crypto setup."
2025-12-04 14:58,TSLA News,Latest,"They are going to buy more stock in my opinion, also the news is 2 days old... The interest is 5.5%. I do believe buying back stock makes sense."
2025-12-04 14:52,TSLA News,Latest,Dear God. When do Dems follow the money? Citadel controls the mkt and works for Trump. An Open secret. Mkt ALWAYS up? Stalin-esque. Call it out! $tsla flies on news sales fell 50%. Come on Dems. Jesus.
2025-12-04 14:50,TSLA News,Latest,"$tsla sales in UK drop 

""Tesla UK car registrations drop 19% in November amid Chinese competition"""
2025-12-04 14:49,TSLA News,Latest,"$VWAV VisionWave Holdings Signs Definitive Agreement for Its First Acquisition: Solar Drone Ltd.
marketwirenews.com/news-releases/
‚Ä¶

$NVDA $MSFT $AAPL $AMZN $GOOGL $META $BRK.b $LLY $AVGO $TSLA $JPM $V $UNH $XOM $MA $BTC $ETH $AFL"
2025-12-04 14:47,TSLA News,Latest,"$VWAV VisionWave Holdings Signs Definitive Agreement for Its First Acquisition: Solar Drone Ltd.
marketwirenews.com/news-releases/
‚Ä¶

$NVDA $MSFT $AAPL $AMZN $GOOGL $META $BRK.b $LLY $AVGO $TSLA $JPM $V $UNH $XOM $MA $BTC $ETH $AFL"
2025-12-04 14:45,TSLA News,Latest,"$VWAV VisionWave Holdings Signs Definitive Agreement for Its First Acquisition: Solar Drone Ltd.
marketwirenews.com/news-releases/
‚Ä¶

$NVDA $MSFT $AAPL $AMZN $GOOGL $META $BRK.b $LLY $AVGO $TSLA $JPM $V $UNH $XOM $MA $BTC $ETH $VIX"
2025-12-04 14:45,TSLA News,Latest,"New Fed Chair Announcement Expected in Early 2026: Implications for Investors -- article I wrote for 
@crushthestreet
 crushthestreet.com/cts-news/new-f
‚Ä¶ #dividends $SPY $QQQ $DIA $DJIA #stockmarket #investing #finance #stocks $AAPL $TSLA $AMZN $INTC $NVDA $AMD $NIO"
2025-12-04 14:44,TSLA News,Latest,"$VWAV VisionWave Holdings Signs Definitive Agreement for Its First Acquisition: Solar Drone Ltd.
marketwirenews.com/news-releases/
‚Ä¶

$NVDA $MSFT $AAPL $AMZN $GOOGL $META $BRK.b $LLY $AVGO $TSLA $JPM $V $UNH $XOM $MA $BTC $ETH $FLNC"
2025-12-04 14:43,TSLA News,Latest,"$VWAV VisionWave Holdings Signs Definitive Agreement for Its First Acquisition: Solar Drone Ltd.
marketwirenews.com/news-releases/
‚Ä¶

$NVDA $MSFT $AAPL $AMZN $GOOGL $META $BRK.b $LLY $AVGO $TSLA $JPM $V $UNH $XOM $MA $BTC $ETH $FLNC"
2025-12-04 14:42,TSLA News,Latest,"$VWAV VisionWave Holdings Signs Definitive Agreement for Its First Acquisition: Solar Drone Ltd.
marketwirenews.com/news-releases/
‚Ä¶

$NVDA $MSFT $AAPL $AMZN $GOOGL $META $BRK.b $LLY $AVGO $TSLA $JPM $V $UNH $XOM $MA $BTC $ETH $VIX"
2025-12-04 14:41,TSLA News,Latest,"$VWAV VisionWave Holdings Signs Definitive Agreement for Its First Acquisition: Solar Drone Ltd.
marketwirenews.com/news-releases/
‚Ä¶

$NVDA $MSFT $AAPL $AMZN $GOOGL $META $BRK.b $LLY $AVGO $TSLA $JPM $V $UNH $XOM $MA $BTC $ETH $FLNC $AFL"
2025-12-04 14:40,TSLA News,Latest,"$VWAV VisionWave Holdings Signs Definitive Agreement for Its First Acquisition: Solar Drone Ltd.
marketwirenews.com/news-releases/
‚Ä¶

$NVDA $MSFT $AAPL $AMZN $GOOGL $META $BRK.b $LLY $AVGO $TSLA $JPM $V $UNH $XOM $MA $BTC $ETH"
2025-12-04 14:39,TSLA News,Latest,"$VWAV VisionWave Holdings Signs Definitive Agreement for Its First Acquisition: Solar Drone Ltd.
marketwirenews.com/news-releases/
‚Ä¶

$NVDA $MSFT $AAPL $AMZN $GOOGL $META $BRK.b $LLY $AVGO $TSLA $JPM $V $UNH $XOM $MA $BTC $ETH"
2025-12-04 14:33,TSLA News,Latest,"ÏÜçÎ≥¥: MELIUS RESEARCH, Î™©ÌëúÏ£ºÍ∞Ä 525Îã¨Îü¨Î°ú ÏÉÅÌñ• Ï°∞Ï†ï ( $TSLA 

Í∑∏Îì§ÏùÄ Î°úÎ≥¥ÌÉùÏãúÏóê ÎåÄÌï¥ Í∞ïÏÑ∏Î•º Î≥¥Ïù¥Í≥† ÏûàÏñ¥Ïöî!"
2025-12-04 14:32,TSLA News,Latest,"Melius ResearchÏùò Rob WertheimerÎäî $TSLA Î™©ÌëúÎ•º $520ÏóêÏÑú $525Î°ú ÏÉÅÌñ• Ï°∞Ï†ïÌñàÏäµÎãàÎã§.

Í∑∏Îäî ÌÖåÏä¨ÎùºÍ∞Ä ÏûêÏú®Ï£ºÌñâ Î∂ÑÏïºÏóêÏÑú Ï†êÏ†ê Îçî ÏÑ†ÎëêÎ•º Îã¨Î¶¨Í≥† ÏûàÏñ¥ Í∏∞Ï°¥ ÏûêÎèôÏ∞® Ï†úÏ°∞ÏóÖÏ≤¥Îì§Ïù¥ ÌÅ¨Í≤å Îí§Ï≤òÏßÄÍ≥† Îî∞ÎùºÏû°ÏùÑ Í∞ÄÎä•ÏÑ±Ïù¥ Í±∞Ïùò ÏóÜÏùÑ Í≤ÉÏù¥ÎùºÎ©∞ Í∞ïÏÑ∏Î•º Î≥¥Ïù¥Í≥† ÏûàÏäµÎãàÎã§.

ÎßÅÌÅ¨: 
finance.yahoo.com/news/tesla-sto‚Ä¶"
2025-12-04 14:31,TSLA News,Latest,"$PMI | Entry:2.48 | Change:23.0% | Reason:PMI stock is likely up due to news of its CEO presenting at a major heart failure conference
Tgt1:2.72 | Tgt2:2.84 | Tgt3:2.96 | SL:2.43
#FinTwit $SPY $AAPL $QQQ $TSLA $NVDA"
2025-12-04 14:31,TSLA News,Latest,"$PLRZ | Entry:16.62 | Change:134.4% | Reason:Polyrizon (PLRZ) is surging due to positive news about its next-generation nasal protection technology
Tgt1:17.77 | Tgt2:18.35 | Tgt3:18.93 | SL:16.04
#FinTwit $SPY $AAPL $QQQ $TSLA $NVDA"
2025-12-04 14:30,TSLA News,Latest,So Trump basically Told Ford and GM to go back to ICE cars so Elon can have 100 percent of the US EV market. This is good news for $TSLA
2025-12-04 14:29,TSLA News,Latest,"$BGL | Zacks Small-Cap Research Initiates Coverage on Nasdaq listed Blue Gold Limited $21/share. 
scr.zacks.com/news/news-deta
‚Ä¶

$NVDA $MSFT $AAPL $AMZN $GOOGL $META $BRK.b $LLY $AVGO $TSLA $JPM $V $UNH $XOM $MA $BTC $ETH $VIX"
